--------------------------------------------------------
--  Datei erstellt -Dienstag-September-19-2017   
--------------------------------------------------------
--------------------------------------------------------
--  DDL for Table ACCOUNT
--------------------------------------------------------

  CREATE TABLE "PESCHM"."ACCOUNT" 
   (	"ACCOUNT_ID" NUMBER(38,0), 
	"SURNAME" VARCHAR2(32 BYTE), 
	"FORENAME" VARCHAR2(32 BYTE), 
	"EMAIL" VARCHAR2(32 BYTE), 
	"C_DATE" DATE, 
	"U_DATE" DATE
   ) SEGMENT CREATION IMMEDIATE 
  PCTFREE 10 PCTUSED 40 INITRANS 1 MAXTRANS 255 
 NOCOMPRESS LOGGING
  STORAGE(INITIAL 65536 NEXT 1048576 MINEXTENTS 1 MAXEXTENTS 2147483645
  PCTINCREASE 0 FREELISTS 1 FREELIST GROUPS 1
  BUFFER_POOL DEFAULT FLASH_CACHE DEFAULT CELL_FLASH_CACHE DEFAULT)
  TABLESPACE "USERS" ;
--------------------------------------------------------
--  DDL for Table ACC_VEHIC
--------------------------------------------------------

  CREATE TABLE "PESCHM"."ACC_VEHIC" 
   (	"ACC_VEHIC_ID" NUMBER(38,0), 
	"ACCOUNT_ID" NUMBER(38,0), 
	"VEHICLE_ID" NUMBER(38,0), 
	"IDENTICATOR" VARCHAR2(16 BYTE), 
	"ALIAS" VARCHAR2(32 BYTE), 
	"BUY_PRICE" NUMBER(38,2), 
	"BUY_KILOMETER" NUMBER(38,3), 
	"SOLD_PRICE" NUMBER(38,2), 
	"SOLD_KILOMETER" NUMBER(38,3), 
	"REGISTRATION" DATE, 
	"CHECKOUT" DATE, 
	"DEFAULT_GAS_STATION" NUMBER(38,0), 
	"C_DATE" DATE, 
	"D_DATE" DATE
   ) SEGMENT CREATION IMMEDIATE 
  PCTFREE 10 PCTUSED 40 INITRANS 1 MAXTRANS 255 
 NOCOMPRESS LOGGING
  STORAGE(INITIAL 65536 NEXT 1048576 MINEXTENTS 1 MAXEXTENTS 2147483645
  PCTINCREASE 0 FREELISTS 1 FREELIST GROUPS 1
  BUFFER_POOL DEFAULT FLASH_CACHE DEFAULT CELL_FLASH_CACHE DEFAULT)
  TABLESPACE "USERS" ;
--------------------------------------------------------
--  DDL for Table ADDRESS
--------------------------------------------------------

  CREATE TABLE "PESCHM"."ADDRESS" 
   (	"ADDRESS_ID" NUMBER(38,0), 
	"PLZ" NUMBER(5,0), 
	"CITY" VARCHAR2(32 BYTE)
   ) SEGMENT CREATION IMMEDIATE 
  PCTFREE 10 PCTUSED 40 INITRANS 1 MAXTRANS 255 
 NOCOMPRESS LOGGING
  STORAGE(INITIAL 65536 NEXT 1048576 MINEXTENTS 1 MAXEXTENTS 2147483645
  PCTINCREASE 0 FREELISTS 1 FREELIST GROUPS 1
  BUFFER_POOL DEFAULT FLASH_CACHE DEFAULT CELL_FLASH_CACHE DEFAULT)
  TABLESPACE "USERS" ;
--------------------------------------------------------
--  DDL for Table COUNTRY
--------------------------------------------------------

  CREATE TABLE "PESCHM"."COUNTRY" 
   (	"COUNTRY_ID" NUMBER(38,0), 
	"COUNTRY_NAME" VARCHAR2(32 BYTE), 
	"DUTY_AMOUNT" NUMBER(3,2)
   ) SEGMENT CREATION IMMEDIATE 
  PCTFREE 10 PCTUSED 40 INITRANS 1 MAXTRANS 255 
 NOCOMPRESS LOGGING
  STORAGE(INITIAL 65536 NEXT 1048576 MINEXTENTS 1 MAXEXTENTS 2147483645
  PCTINCREASE 0 FREELISTS 1 FREELIST GROUPS 1
  BUFFER_POOL DEFAULT FLASH_CACHE DEFAULT CELL_FLASH_CACHE DEFAULT)
  TABLESPACE "USERS" ;
--------------------------------------------------------
--  DDL for Table GAS
--------------------------------------------------------

  CREATE TABLE "PESCHM"."GAS" 
   (	"GAS_ID" NUMBER(38,0), 
	"GAS_NAME" VARCHAR2(32 BYTE)
   ) SEGMENT CREATION IMMEDIATE 
  PCTFREE 10 PCTUSED 40 INITRANS 1 MAXTRANS 255 
 NOCOMPRESS LOGGING
  STORAGE(INITIAL 65536 NEXT 1048576 MINEXTENTS 1 MAXEXTENTS 2147483645
  PCTINCREASE 0 FREELISTS 1 FREELIST GROUPS 1
  BUFFER_POOL DEFAULT FLASH_CACHE DEFAULT CELL_FLASH_CACHE DEFAULT)
  TABLESPACE "USERS" ;
--------------------------------------------------------
--  DDL for Table GAS_STATION
--------------------------------------------------------

  CREATE TABLE "PESCHM"."GAS_STATION" 
   (	"GAS_STATION_ID" NUMBER(38,0), 
	"PROVIDER_ID" NUMBER(38,0), 
	"COUNTRY_ID" NUMBER(38,0), 
	"ADDRESS_ID" NUMBER(38,0), 
	"STREET" VARCHAR2(32 BYTE)
   ) SEGMENT CREATION IMMEDIATE 
  PCTFREE 10 PCTUSED 40 INITRANS 1 MAXTRANS 255 
 NOCOMPRESS LOGGING
  STORAGE(INITIAL 65536 NEXT 1048576 MINEXTENTS 1 MAXEXTENTS 2147483645
  PCTINCREASE 0 FREELISTS 1 FREELIST GROUPS 1
  BUFFER_POOL DEFAULT FLASH_CACHE DEFAULT CELL_FLASH_CACHE DEFAULT)
  TABLESPACE "USERS" ;
--------------------------------------------------------
--  DDL for Table PRODUCER
--------------------------------------------------------

  CREATE TABLE "PESCHM"."PRODUCER" 
   (	"PRODUCER_ID" NUMBER(38,0), 
	"PRODUCER_NAME" VARCHAR2(32 BYTE)
   ) SEGMENT CREATION IMMEDIATE 
  PCTFREE 10 PCTUSED 40 INITRANS 1 MAXTRANS 255 
 NOCOMPRESS LOGGING
  STORAGE(INITIAL 65536 NEXT 1048576 MINEXTENTS 1 MAXEXTENTS 2147483645
  PCTINCREASE 0 FREELISTS 1 FREELIST GROUPS 1
  BUFFER_POOL DEFAULT FLASH_CACHE DEFAULT CELL_FLASH_CACHE DEFAULT)
  TABLESPACE "USERS" ;
--------------------------------------------------------
--  DDL for Table PROVIDER
--------------------------------------------------------

  CREATE TABLE "PESCHM"."PROVIDER" 
   (	"PROVIDER_ID" NUMBER(38,0), 
	"PROVIDER_NAME" VARCHAR2(32 BYTE)
   ) SEGMENT CREATION IMMEDIATE 
  PCTFREE 10 PCTUSED 40 INITRANS 1 MAXTRANS 255 
 NOCOMPRESS LOGGING
  STORAGE(INITIAL 65536 NEXT 1048576 MINEXTENTS 1 MAXEXTENTS 2147483645
  PCTINCREASE 0 FREELISTS 1 FREELIST GROUPS 1
  BUFFER_POOL DEFAULT FLASH_CACHE DEFAULT CELL_FLASH_CACHE DEFAULT)
  TABLESPACE "USERS" ;
--------------------------------------------------------
--  DDL for Table RECEIPT
--------------------------------------------------------

  CREATE TABLE "PESCHM"."RECEIPT" 
   (	"RECEIPT_ID" NUMBER(38,0), 
	"ACCOUNT_ID" NUMBER(38,0), 
	"ACC_VEHIC_ID" NUMBER(38,0), 
	"DUTY_AMOUNT" NUMBER(3,2), 
	"GAS_ID" NUMBER(38,0), 
	"GAS_STATION_ID" NUMBER(38,0), 
	"PRICE_L" NUMBER(3,2), 
	"KILOMETER" NUMBER(7,2), 
	"LITER" NUMBER(7,2), 
	"RECEIPT_DATE" DATE, 
	"C_DATE" DATE, 
	"U_DATE" DATE
   ) SEGMENT CREATION IMMEDIATE 
  PCTFREE 10 PCTUSED 40 INITRANS 1 MAXTRANS 255 
 NOCOMPRESS LOGGING
  STORAGE(INITIAL 65536 NEXT 1048576 MINEXTENTS 1 MAXEXTENTS 2147483645
  PCTINCREASE 0 FREELISTS 1 FREELIST GROUPS 1
  BUFFER_POOL DEFAULT FLASH_CACHE DEFAULT CELL_FLASH_CACHE DEFAULT)
  TABLESPACE "USERS" ;
--------------------------------------------------------
--  DDL for Table VEHICLE
--------------------------------------------------------

  CREATE TABLE "PESCHM"."VEHICLE" 
   (	"VEHICLE_ID" NUMBER(38,0), 
	"VEHICLE_TYPE_ID" NUMBER(38,0), 
	"PRODUCER_ID" NUMBER(38,0), 
	"VERSION" VARCHAR2(32 BYTE), 
	"DEFAULT_GAS_ID" NUMBER(38,0), 
	"PS" NUMBER(3,0), 
	"BUILD_YEAR" DATE, 
	"DOORS" NUMBER(1,0), 
	"C_DATE" DATE, 
	"U_DATE" DATE
   ) SEGMENT CREATION IMMEDIATE 
  PCTFREE 10 PCTUSED 40 INITRANS 1 MAXTRANS 255 
 NOCOMPRESS LOGGING
  STORAGE(INITIAL 65536 NEXT 1048576 MINEXTENTS 1 MAXEXTENTS 2147483645
  PCTINCREASE 0 FREELISTS 1 FREELIST GROUPS 1
  BUFFER_POOL DEFAULT FLASH_CACHE DEFAULT CELL_FLASH_CACHE DEFAULT)
  TABLESPACE "USERS" ;
--------------------------------------------------------
--  DDL for Table VEHICLE_TYPE
--------------------------------------------------------

  CREATE TABLE "PESCHM"."VEHICLE_TYPE" 
   (	"VEHICLE_TYPE_ID" NUMBER(38,0), 
	"VEHICLE_TYPE_NAME" VARCHAR2(32 BYTE)
   ) SEGMENT CREATION IMMEDIATE 
  PCTFREE 10 PCTUSED 40 INITRANS 1 MAXTRANS 255 
 NOCOMPRESS LOGGING
  STORAGE(INITIAL 65536 NEXT 1048576 MINEXTENTS 1 MAXEXTENTS 2147483645
  PCTINCREASE 0 FREELISTS 1 FREELIST GROUPS 1
  BUFFER_POOL DEFAULT FLASH_CACHE DEFAULT CELL_FLASH_CACHE DEFAULT)
  TABLESPACE "USERS" ;
REM INSERTING into PESCHM.ACCOUNT
SET DEFINE OFF;
Insert into PESCHM.ACCOUNT (ACCOUNT_ID,SURNAME,FORENAME,EMAIL,C_DATE,U_DATE) values ('1','Pesch','Markus','peschm@fh-trier.de',to_date('15.09.17','DD.MM.RR'),to_date('15.09.17','DD.MM.RR'));
Insert into PESCHM.ACCOUNT (ACCOUNT_ID,SURNAME,FORENAME,EMAIL,C_DATE,U_DATE) values ('2','Mustermann','Max','mustermannm@fh-trier.de',to_date('11.09.17','DD.MM.RR'),to_date('12.09.17','DD.MM.RR'));
Insert into PESCHM.ACCOUNT (ACCOUNT_ID,SURNAME,FORENAME,EMAIL,C_DATE,U_DATE) values ('3','McKinnock','Hugo','mckinnockh@fh-trier.de',to_date('07.09.17','DD.MM.RR'),to_date('07.09.17','DD.MM.RR'));
Insert into PESCHM.ACCOUNT (ACCOUNT_ID,SURNAME,FORENAME,EMAIL,C_DATE,U_DATE) values ('4','Meier','Thorsten','meiert@fh-trier.de',to_date('19.09.17','DD.MM.RR'),to_date('19.09.17','DD.MM.RR'));
Insert into PESCHM.ACCOUNT (ACCOUNT_ID,SURNAME,FORENAME,EMAIL,C_DATE,U_DATE) values ('5','Greifburger','Hilde','greifburgerh@fh-trier.de',to_date('16.09.17','DD.MM.RR'),to_date('17.09.17','DD.MM.RR'));
Insert into PESCHM.ACCOUNT (ACCOUNT_ID,SURNAME,FORENAME,EMAIL,C_DATE,U_DATE) values ('6','Raschek','Volker','raschekv@fh-trier.de',to_date('06.09.17','DD.MM.RR'),to_date('09.09.17','DD.MM.RR'));
Insert into PESCHM.ACCOUNT (ACCOUNT_ID,SURNAME,FORENAME,EMAIL,C_DATE,U_DATE) values ('7','Mertens','Hubert','huberm@fh-trier.de',to_date('10.09.17','DD.MM.RR'),to_date('12.09.17','DD.MM.RR'));
Insert into PESCHM.ACCOUNT (ACCOUNT_ID,SURNAME,FORENAME,EMAIL,C_DATE,U_DATE) values ('8','Simpson','Bart','simpsonb@fh-trier.de',to_date('14.09.17','DD.MM.RR'),to_date('16.09.17','DD.MM.RR'));
Insert into PESCHM.ACCOUNT (ACCOUNT_ID,SURNAME,FORENAME,EMAIL,C_DATE,U_DATE) values ('9','Molitor','Magret','molitorm@fh-trier.de',to_date('01.09.17','DD.MM.RR'),to_date('14.09.17','DD.MM.RR'));
REM INSERTING into PESCHM.ACC_VEHIC
SET DEFINE OFF;
Insert into PESCHM.ACC_VEHIC (ACC_VEHIC_ID,ACCOUNT_ID,VEHICLE_ID,IDENTICATOR,ALIAS,BUY_PRICE,BUY_KILOMETER,SOLD_PRICE,SOLD_KILOMETER,REGISTRATION,CHECKOUT,DEFAULT_GAS_STATION,C_DATE,D_DATE) values ('1','1','1',null,null,'1900',null,null,null,to_date('21.09.17','DD.MM.RR'),null,'1',to_date('19.09.17','DD.MM.RR'),to_date('19.09.17','DD.MM.RR'));
Insert into PESCHM.ACC_VEHIC (ACC_VEHIC_ID,ACCOUNT_ID,VEHICLE_ID,IDENTICATOR,ALIAS,BUY_PRICE,BUY_KILOMETER,SOLD_PRICE,SOLD_KILOMETER,REGISTRATION,CHECKOUT,DEFAULT_GAS_STATION,C_DATE,D_DATE) values ('2','1','12','TR:LL:9','Renner','4000','1650',null,null,to_date('15.09.17','DD.MM.RR'),null,'3',to_date('15.09.17','DD.MM.RR'),to_date('10.09.17','DD.MM.RR'));
Insert into PESCHM.ACC_VEHIC (ACC_VEHIC_ID,ACCOUNT_ID,VEHICLE_ID,IDENTICATOR,ALIAS,BUY_PRICE,BUY_KILOMETER,SOLD_PRICE,SOLD_KILOMETER,REGISTRATION,CHECKOUT,DEFAULT_GAS_STATION,C_DATE,D_DATE) values ('3','2','15',null,null,null,null,null,null,null,null,null,null,null);
REM INSERTING into PESCHM.ADDRESS
SET DEFINE OFF;
Insert into PESCHM.ADDRESS (ADDRESS_ID,PLZ,CITY) values ('1','54292','Trier');
Insert into PESCHM.ADDRESS (ADDRESS_ID,PLZ,CITY) values ('2','54293','Trier');
Insert into PESCHM.ADDRESS (ADDRESS_ID,PLZ,CITY) values ('3','50259','Köln');
Insert into PESCHM.ADDRESS (ADDRESS_ID,PLZ,CITY) values ('4','50672','Köln');
Insert into PESCHM.ADDRESS (ADDRESS_ID,PLZ,CITY) values ('5','50678','Köln');
Insert into PESCHM.ADDRESS (ADDRESS_ID,PLZ,CITY) values ('6','54290','Trier');
Insert into PESCHM.ADDRESS (ADDRESS_ID,PLZ,CITY) values ('7','53879','Euskirchen');
Insert into PESCHM.ADDRESS (ADDRESS_ID,PLZ,CITY) values ('8','53881','Euskirchen');
Insert into PESCHM.ADDRESS (ADDRESS_ID,PLZ,CITY) values ('9','56823','Büchel');
Insert into PESCHM.ADDRESS (ADDRESS_ID,PLZ,CITY) values ('10','54634','Bitburg');
Insert into PESCHM.ADDRESS (ADDRESS_ID,PLZ,CITY) values ('11','54296','Trier');
Insert into PESCHM.ADDRESS (ADDRESS_ID,PLZ,CITY) values ('12','54294','Trier');
REM INSERTING into PESCHM.COUNTRY
SET DEFINE OFF;
Insert into PESCHM.COUNTRY (COUNTRY_ID,COUNTRY_NAME,DUTY_AMOUNT) values ('1','Deutschland','0,19');
Insert into PESCHM.COUNTRY (COUNTRY_ID,COUNTRY_NAME,DUTY_AMOUNT) values ('2','Belgien','0,17');
Insert into PESCHM.COUNTRY (COUNTRY_ID,COUNTRY_NAME,DUTY_AMOUNT) values ('3','Luxemburg','0,09');
Insert into PESCHM.COUNTRY (COUNTRY_ID,COUNTRY_NAME,DUTY_AMOUNT) values ('4','Frankreich','0,21');
REM INSERTING into PESCHM.GAS
SET DEFINE OFF;
Insert into PESCHM.GAS (GAS_ID,GAS_NAME) values ('3','Benzin 104');
Insert into PESCHM.GAS (GAS_ID,GAS_NAME) values ('1','Benzin 95');
Insert into PESCHM.GAS (GAS_ID,GAS_NAME) values ('2','Benzin 98');
Insert into PESCHM.GAS (GAS_ID,GAS_NAME) values ('4','Diesel');
REM INSERTING into PESCHM.GAS_STATION
SET DEFINE OFF;
Insert into PESCHM.GAS_STATION (GAS_STATION_ID,PROVIDER_ID,COUNTRY_ID,ADDRESS_ID,STREET) values ('1','2','1','1','Ruwerer Straße 35');
Insert into PESCHM.GAS_STATION (GAS_STATION_ID,PROVIDER_ID,COUNTRY_ID,ADDRESS_ID,STREET) values ('2','1','1','1','Zurmainerstraße 150');
Insert into PESCHM.GAS_STATION (GAS_STATION_ID,PROVIDER_ID,COUNTRY_ID,ADDRESS_ID,STREET) values ('3','6','1','1','Zurmainerstraße 155-157');
Insert into PESCHM.GAS_STATION (GAS_STATION_ID,PROVIDER_ID,COUNTRY_ID,ADDRESS_ID,STREET) values ('4','4','1','6','Kaiserstraße 30-31');
Insert into PESCHM.GAS_STATION (GAS_STATION_ID,PROVIDER_ID,COUNTRY_ID,ADDRESS_ID,STREET) values ('5','2','1','6','Ostallee 22');
Insert into PESCHM.GAS_STATION (GAS_STATION_ID,PROVIDER_ID,COUNTRY_ID,ADDRESS_ID,STREET) values ('6','6','1','11','Kohlenstraße 51');
Insert into PESCHM.GAS_STATION (GAS_STATION_ID,PROVIDER_ID,COUNTRY_ID,ADDRESS_ID,STREET) values ('7','6','1','2','Servaisstraße 1');
Insert into PESCHM.GAS_STATION (GAS_STATION_ID,PROVIDER_ID,COUNTRY_ID,ADDRESS_ID,STREET) values ('8','6','1','12','Eurener Straße 92');
Insert into PESCHM.GAS_STATION (GAS_STATION_ID,PROVIDER_ID,COUNTRY_ID,ADDRESS_ID,STREET) values ('9','1','1','6','St.-Barbara-Ufer 42');
REM INSERTING into PESCHM.PRODUCER
SET DEFINE OFF;
Insert into PESCHM.PRODUCER (PRODUCER_ID,PRODUCER_NAME) values ('2','BMW');
Insert into PESCHM.PRODUCER (PRODUCER_ID,PRODUCER_NAME) values ('6','Ferrari');
Insert into PESCHM.PRODUCER (PRODUCER_ID,PRODUCER_NAME) values ('10','Ford');
Insert into PESCHM.PRODUCER (PRODUCER_ID,PRODUCER_NAME) values ('8','MAN');
Insert into PESCHM.PRODUCER (PRODUCER_ID,PRODUCER_NAME) values ('13','Moto Guzzi');
Insert into PESCHM.PRODUCER (PRODUCER_ID,PRODUCER_NAME) values ('9','Open');
Insert into PESCHM.PRODUCER (PRODUCER_ID,PRODUCER_NAME) values ('12','Peugeot');
Insert into PESCHM.PRODUCER (PRODUCER_ID,PRODUCER_NAME) values ('5','Porsche');
Insert into PESCHM.PRODUCER (PRODUCER_ID,PRODUCER_NAME) values ('7','Skoda');
Insert into PESCHM.PRODUCER (PRODUCER_ID,PRODUCER_NAME) values ('3','Toyota');
Insert into PESCHM.PRODUCER (PRODUCER_ID,PRODUCER_NAME) values ('1','VW');
Insert into PESCHM.PRODUCER (PRODUCER_ID,PRODUCER_NAME) values ('4','Volvo');
REM INSERTING into PESCHM.PROVIDER
SET DEFINE OFF;
Insert into PESCHM.PROVIDER (PROVIDER_ID,PROVIDER_NAME) values ('2','Aral');
Insert into PESCHM.PROVIDER (PROVIDER_ID,PROVIDER_NAME) values ('3','BP');
Insert into PESCHM.PROVIDER (PROVIDER_ID,PROVIDER_NAME) values ('5','ED');
Insert into PESCHM.PROVIDER (PROVIDER_ID,PROVIDER_NAME) values ('4','Esso');
Insert into PESCHM.PROVIDER (PROVIDER_ID,PROVIDER_NAME) values ('1','Shell');
Insert into PESCHM.PROVIDER (PROVIDER_ID,PROVIDER_NAME) values ('6','Total');
REM INSERTING into PESCHM.RECEIPT
SET DEFINE OFF;
REM INSERTING into PESCHM.VEHICLE
SET DEFINE OFF;
Insert into PESCHM.VEHICLE (VEHICLE_ID,VEHICLE_TYPE_ID,PRODUCER_ID,VERSION,DEFAULT_GAS_ID,PS,BUILD_YEAR,DOORS,C_DATE,U_DATE) values ('1','1','1','Golf 3','1','75',to_date('18.08.94','DD.MM.RR'),'5',to_date('15.09.17','DD.MM.RR'),to_date('15.09.17','DD.MM.RR'));
Insert into PESCHM.VEHICLE (VEHICLE_ID,VEHICLE_TYPE_ID,PRODUCER_ID,VERSION,DEFAULT_GAS_ID,PS,BUILD_YEAR,DOORS,C_DATE,U_DATE) values ('2','1','2','Golf 5','2','120',to_date('15.09.06','DD.MM.RR'),'3',to_date('15.09.17','DD.MM.RR'),to_date('15.09.17','DD.MM.RR'));
Insert into PESCHM.VEHICLE (VEHICLE_ID,VEHICLE_TYPE_ID,PRODUCER_ID,VERSION,DEFAULT_GAS_ID,PS,BUILD_YEAR,DOORS,C_DATE,U_DATE) values ('3','1','12','108','2','125',to_date('07.07.16','DD.MM.RR'),'3',to_date('18.09.17','DD.MM.RR'),to_date('19.09.17','DD.MM.RR'));
Insert into PESCHM.VEHICLE (VEHICLE_ID,VEHICLE_TYPE_ID,PRODUCER_ID,VERSION,DEFAULT_GAS_ID,PS,BUILD_YEAR,DOORS,C_DATE,U_DATE) values ('4','1','12','2008 SUV','3','215',to_date('07.06.15','DD.MM.RR'),'5',to_date('18.06.17','DD.MM.RR'),to_date('12.07.17','DD.MM.RR'));
Insert into PESCHM.VEHICLE (VEHICLE_ID,VEHICLE_TYPE_ID,PRODUCER_ID,VERSION,DEFAULT_GAS_ID,PS,BUILD_YEAR,DOORS,C_DATE,U_DATE) values ('5','1','12','208 GTI','3','260',to_date('09.02.14','DD.MM.RR'),'3',to_date('15.02.16','DD.MM.RR'),to_date('15.02.16','DD.MM.RR'));
Insert into PESCHM.VEHICLE (VEHICLE_ID,VEHICLE_TYPE_ID,PRODUCER_ID,VERSION,DEFAULT_GAS_ID,PS,BUILD_YEAR,DOORS,C_DATE,U_DATE) values ('6','1','12','508 RXH','4','160',to_date('12.12.15','DD.MM.RR'),'5',to_date('16.03.17','DD.MM.RR'),to_date('16.03.17','DD.MM.RR'));
Insert into PESCHM.VEHICLE (VEHICLE_ID,VEHICLE_TYPE_ID,PRODUCER_ID,VERSION,DEFAULT_GAS_ID,PS,BUILD_YEAR,DOORS,C_DATE,U_DATE) values ('7','1','12','Boxer Kombi','4','220',to_date('19.04.13','DD.MM.RR'),'5',to_date('18.08.16','DD.MM.RR'),to_date('18.09.16','DD.MM.RR'));
Insert into PESCHM.VEHICLE (VEHICLE_ID,VEHICLE_TYPE_ID,PRODUCER_ID,VERSION,DEFAULT_GAS_ID,PS,BUILD_YEAR,DOORS,C_DATE,U_DATE) values ('8','1','5','911','3','360',to_date('19.05.16','DD.MM.RR'),'2',to_date('06.06.16','DD.MM.RR'),to_date('09.07.16','DD.MM.RR'));
Insert into PESCHM.VEHICLE (VEHICLE_ID,VEHICLE_TYPE_ID,PRODUCER_ID,VERSION,DEFAULT_GAS_ID,PS,BUILD_YEAR,DOORS,C_DATE,U_DATE) values ('9','1','5','Panamera','3','420',to_date('09.09.14','DD.MM.RR'),'5',to_date('09.04.15','DD.MM.RR'),to_date('09.04.15','DD.MM.RR'));
Insert into PESCHM.VEHICLE (VEHICLE_ID,VEHICLE_TYPE_ID,PRODUCER_ID,VERSION,DEFAULT_GAS_ID,PS,BUILD_YEAR,DOORS,C_DATE,U_DATE) values ('10','1','10','Fiesta','2','75',to_date('03.03.15','DD.MM.RR'),'5',to_date('06.10.16','DD.MM.RR'),to_date('06.10.16','DD.MM.RR'));
Insert into PESCHM.VEHICLE (VEHICLE_ID,VEHICLE_TYPE_ID,PRODUCER_ID,VERSION,DEFAULT_GAS_ID,PS,BUILD_YEAR,DOORS,C_DATE,U_DATE) values ('11','1','10','Mondeo','4','140',to_date('29.06.16','DD.MM.RR'),'5',to_date('04.10.17','DD.MM.RR'),to_date('04.10.17','DD.MM.RR'));
Insert into PESCHM.VEHICLE (VEHICLE_ID,VEHICLE_TYPE_ID,PRODUCER_ID,VERSION,DEFAULT_GAS_ID,PS,BUILD_YEAR,DOORS,C_DATE,U_DATE) values ('12','2','8','TGX','4','590',to_date('27.03.14','DD.MM.RR'),'2',to_date('08.08.15','DD.MM.RR'),to_date('08.08.15','DD.MM.RR'));
Insert into PESCHM.VEHICLE (VEHICLE_ID,VEHICLE_TYPE_ID,PRODUCER_ID,VERSION,DEFAULT_GAS_ID,PS,BUILD_YEAR,DOORS,C_DATE,U_DATE) values ('13','4','13','V11','2','95',to_date('06.04.99','DD.MM.RR'),null,to_date('16.12.03','DD.MM.RR'),to_date('16.12.03','DD.MM.RR'));
REM INSERTING into PESCHM.VEHICLE_TYPE
SET DEFINE OFF;
Insert into PESCHM.VEHICLE_TYPE (VEHICLE_TYPE_ID,VEHICLE_TYPE_NAME) values ('2','LKW');
Insert into PESCHM.VEHICLE_TYPE (VEHICLE_TYPE_ID,VEHICLE_TYPE_NAME) values ('4','Motorrad');
Insert into PESCHM.VEHICLE_TYPE (VEHICLE_TYPE_ID,VEHICLE_TYPE_NAME) values ('1','PKW');
Insert into PESCHM.VEHICLE_TYPE (VEHICLE_TYPE_ID,VEHICLE_TYPE_NAME) values ('5','Quad');
Insert into PESCHM.VEHICLE_TYPE (VEHICLE_TYPE_ID,VEHICLE_TYPE_NAME) values ('3','Traktor');
--------------------------------------------------------
--  DDL for Index ACCOUNT_UN
--------------------------------------------------------

  CREATE UNIQUE INDEX "PESCHM"."ACCOUNT_UN" ON "PESCHM"."ACCOUNT" ("EMAIL") 
  PCTFREE 10 INITRANS 2 MAXTRANS 255 COMPUTE STATISTICS 
  STORAGE(INITIAL 65536 NEXT 1048576 MINEXTENTS 1 MAXEXTENTS 2147483645
  PCTINCREASE 0 FREELISTS 1 FREELIST GROUPS 1
  BUFFER_POOL DEFAULT FLASH_CACHE DEFAULT CELL_FLASH_CACHE DEFAULT)
  TABLESPACE "USERS" ;
--------------------------------------------------------
--  DDL for Index ACC_VEHIC_IDX
--------------------------------------------------------

  CREATE UNIQUE INDEX "PESCHM"."ACC_VEHIC_IDX" ON "PESCHM"."ACC_VEHIC" ("ACC_VEHIC_ID") 
  PCTFREE 10 INITRANS 2 MAXTRANS 255 COMPUTE STATISTICS 
  STORAGE(INITIAL 65536 NEXT 1048576 MINEXTENTS 1 MAXEXTENTS 2147483645
  PCTINCREASE 0 FREELISTS 1 FREELIST GROUPS 1
  BUFFER_POOL DEFAULT FLASH_CACHE DEFAULT CELL_FLASH_CACHE DEFAULT)
  TABLESPACE "USERS" ;
--------------------------------------------------------
--  DDL for Index ADDRESS_PK
--------------------------------------------------------

  CREATE UNIQUE INDEX "PESCHM"."ADDRESS_PK" ON "PESCHM"."ADDRESS" ("ADDRESS_ID") 
  PCTFREE 10 INITRANS 2 MAXTRANS 255 COMPUTE STATISTICS 
  STORAGE(INITIAL 65536 NEXT 1048576 MINEXTENTS 1 MAXEXTENTS 2147483645
  PCTINCREASE 0 FREELISTS 1 FREELIST GROUPS 1
  BUFFER_POOL DEFAULT FLASH_CACHE DEFAULT CELL_FLASH_CACHE DEFAULT)
  TABLESPACE "USERS" ;
--------------------------------------------------------
--  DDL for Index COUNTRY_UN
--------------------------------------------------------

  CREATE UNIQUE INDEX "PESCHM"."COUNTRY_UN" ON "PESCHM"."COUNTRY" ("COUNTRY_NAME") 
  PCTFREE 10 INITRANS 2 MAXTRANS 255 COMPUTE STATISTICS 
  STORAGE(INITIAL 65536 NEXT 1048576 MINEXTENTS 1 MAXEXTENTS 2147483645
  PCTINCREASE 0 FREELISTS 1 FREELIST GROUPS 1
  BUFFER_POOL DEFAULT FLASH_CACHE DEFAULT CELL_FLASH_CACHE DEFAULT)
  TABLESPACE "USERS" ;
--------------------------------------------------------
--  DDL for Index GAS_UN
--------------------------------------------------------

  CREATE UNIQUE INDEX "PESCHM"."GAS_UN" ON "PESCHM"."GAS" ("GAS_NAME") 
  PCTFREE 10 INITRANS 2 MAXTRANS 255 COMPUTE STATISTICS 
  STORAGE(INITIAL 65536 NEXT 1048576 MINEXTENTS 1 MAXEXTENTS 2147483645
  PCTINCREASE 0 FREELISTS 1 FREELIST GROUPS 1
  BUFFER_POOL DEFAULT FLASH_CACHE DEFAULT CELL_FLASH_CACHE DEFAULT)
  TABLESPACE "USERS" ;
--------------------------------------------------------
--  DDL for Index PRODUCER_UN
--------------------------------------------------------

  CREATE UNIQUE INDEX "PESCHM"."PRODUCER_UN" ON "PESCHM"."PRODUCER" ("PRODUCER_NAME") 
  PCTFREE 10 INITRANS 2 MAXTRANS 255 COMPUTE STATISTICS 
  STORAGE(INITIAL 65536 NEXT 1048576 MINEXTENTS 1 MAXEXTENTS 2147483645
  PCTINCREASE 0 FREELISTS 1 FREELIST GROUPS 1
  BUFFER_POOL DEFAULT FLASH_CACHE DEFAULT CELL_FLASH_CACHE DEFAULT)
  TABLESPACE "USERS" ;
--------------------------------------------------------
--  DDL for Index PROVIDER_UN
--------------------------------------------------------

  CREATE UNIQUE INDEX "PESCHM"."PROVIDER_UN" ON "PESCHM"."PROVIDER" ("PROVIDER_NAME") 
  PCTFREE 10 INITRANS 2 MAXTRANS 255 COMPUTE STATISTICS 
  STORAGE(INITIAL 65536 NEXT 1048576 MINEXTENTS 1 MAXEXTENTS 2147483645
  PCTINCREASE 0 FREELISTS 1 FREELIST GROUPS 1
  BUFFER_POOL DEFAULT FLASH_CACHE DEFAULT CELL_FLASH_CACHE DEFAULT)
  TABLESPACE "USERS" ;
--------------------------------------------------------
--  DDL for Index VEHICLE_TYPE_UN
--------------------------------------------------------

  CREATE UNIQUE INDEX "PESCHM"."VEHICLE_TYPE_UN" ON "PESCHM"."VEHICLE_TYPE" ("VEHICLE_TYPE_NAME") 
  PCTFREE 10 INITRANS 2 MAXTRANS 255 COMPUTE STATISTICS 
  STORAGE(INITIAL 65536 NEXT 1048576 MINEXTENTS 1 MAXEXTENTS 2147483645
  PCTINCREASE 0 FREELISTS 1 FREELIST GROUPS 1
  BUFFER_POOL DEFAULT FLASH_CACHE DEFAULT CELL_FLASH_CACHE DEFAULT)
  TABLESPACE "USERS" ;
--------------------------------------------------------
--  DDL for Index PROVIDER_IDX
--------------------------------------------------------

  CREATE UNIQUE INDEX "PESCHM"."PROVIDER_IDX" ON "PESCHM"."PROVIDER" ("PROVIDER_ID") 
  PCTFREE 10 INITRANS 2 MAXTRANS 255 COMPUTE STATISTICS 
  STORAGE(INITIAL 65536 NEXT 1048576 MINEXTENTS 1 MAXEXTENTS 2147483645
  PCTINCREASE 0 FREELISTS 1 FREELIST GROUPS 1
  BUFFER_POOL DEFAULT FLASH_CACHE DEFAULT CELL_FLASH_CACHE DEFAULT)
  TABLESPACE "USERS" ;
--------------------------------------------------------
--  DDL for Index ACCOUNT_IDX
--------------------------------------------------------

  CREATE UNIQUE INDEX "PESCHM"."ACCOUNT_IDX" ON "PESCHM"."ACCOUNT" ("ACCOUNT_ID") 
  PCTFREE 10 INITRANS 2 MAXTRANS 255 COMPUTE STATISTICS 
  STORAGE(INITIAL 65536 NEXT 1048576 MINEXTENTS 1 MAXEXTENTS 2147483645
  PCTINCREASE 0 FREELISTS 1 FREELIST GROUPS 1
  BUFFER_POOL DEFAULT FLASH_CACHE DEFAULT CELL_FLASH_CACHE DEFAULT)
  TABLESPACE "USERS" ;
--------------------------------------------------------
--  DDL for Index GAS_IDX
--------------------------------------------------------

  CREATE UNIQUE INDEX "PESCHM"."GAS_IDX" ON "PESCHM"."GAS" ("GAS_ID") 
  PCTFREE 10 INITRANS 2 MAXTRANS 255 COMPUTE STATISTICS 
  STORAGE(INITIAL 65536 NEXT 1048576 MINEXTENTS 1 MAXEXTENTS 2147483645
  PCTINCREASE 0 FREELISTS 1 FREELIST GROUPS 1
  BUFFER_POOL DEFAULT FLASH_CACHE DEFAULT CELL_FLASH_CACHE DEFAULT)
  TABLESPACE "USERS" ;
--------------------------------------------------------
--  DDL for Index RECEIPT_IDX
--------------------------------------------------------

  CREATE UNIQUE INDEX "PESCHM"."RECEIPT_IDX" ON "PESCHM"."RECEIPT" ("RECEIPT_ID") 
  PCTFREE 10 INITRANS 2 MAXTRANS 255 COMPUTE STATISTICS 
  STORAGE(INITIAL 65536 NEXT 1048576 MINEXTENTS 1 MAXEXTENTS 2147483645
  PCTINCREASE 0 FREELISTS 1 FREELIST GROUPS 1
  BUFFER_POOL DEFAULT FLASH_CACHE DEFAULT CELL_FLASH_CACHE DEFAULT)
  TABLESPACE "USERS" ;
--------------------------------------------------------
--  DDL for Index VEHICLE_IDX
--------------------------------------------------------

  CREATE UNIQUE INDEX "PESCHM"."VEHICLE_IDX" ON "PESCHM"."VEHICLE" ("VEHICLE_ID") 
  PCTFREE 10 INITRANS 2 MAXTRANS 255 COMPUTE STATISTICS 
  STORAGE(INITIAL 65536 NEXT 1048576 MINEXTENTS 1 MAXEXTENTS 2147483645
  PCTINCREASE 0 FREELISTS 1 FREELIST GROUPS 1
  BUFFER_POOL DEFAULT FLASH_CACHE DEFAULT CELL_FLASH_CACHE DEFAULT)
  TABLESPACE "USERS" ;
--------------------------------------------------------
--  DDL for Index PRODUCER_IDX
--------------------------------------------------------

  CREATE UNIQUE INDEX "PESCHM"."PRODUCER_IDX" ON "PESCHM"."PRODUCER" ("PRODUCER_ID") 
  PCTFREE 10 INITRANS 2 MAXTRANS 255 COMPUTE STATISTICS 
  STORAGE(INITIAL 65536 NEXT 1048576 MINEXTENTS 1 MAXEXTENTS 2147483645
  PCTINCREASE 0 FREELISTS 1 FREELIST GROUPS 1
  BUFFER_POOL DEFAULT FLASH_CACHE DEFAULT CELL_FLASH_CACHE DEFAULT)
  TABLESPACE "USERS" ;
--------------------------------------------------------
--  DDL for Index GAS_STATION_IDX
--------------------------------------------------------

  CREATE UNIQUE INDEX "PESCHM"."GAS_STATION_IDX" ON "PESCHM"."GAS_STATION" ("GAS_STATION_ID") 
  PCTFREE 10 INITRANS 2 MAXTRANS 255 COMPUTE STATISTICS 
  STORAGE(INITIAL 65536 NEXT 1048576 MINEXTENTS 1 MAXEXTENTS 2147483645
  PCTINCREASE 0 FREELISTS 1 FREELIST GROUPS 1
  BUFFER_POOL DEFAULT FLASH_CACHE DEFAULT CELL_FLASH_CACHE DEFAULT)
  TABLESPACE "USERS" ;
--------------------------------------------------------
--  DDL for Index COUNTRY_IDX
--------------------------------------------------------

  CREATE UNIQUE INDEX "PESCHM"."COUNTRY_IDX" ON "PESCHM"."COUNTRY" ("COUNTRY_ID") 
  PCTFREE 10 INITRANS 2 MAXTRANS 255 COMPUTE STATISTICS 
  STORAGE(INITIAL 65536 NEXT 1048576 MINEXTENTS 1 MAXEXTENTS 2147483645
  PCTINCREASE 0 FREELISTS 1 FREELIST GROUPS 1
  BUFFER_POOL DEFAULT FLASH_CACHE DEFAULT CELL_FLASH_CACHE DEFAULT)
  TABLESPACE "USERS" ;
--------------------------------------------------------
--  DDL for Index VEHICLE_TYPE_IDX
--------------------------------------------------------

  CREATE UNIQUE INDEX "PESCHM"."VEHICLE_TYPE_IDX" ON "PESCHM"."VEHICLE_TYPE" ("VEHICLE_TYPE_ID") 
  PCTFREE 10 INITRANS 2 MAXTRANS 255 COMPUTE STATISTICS 
  STORAGE(INITIAL 65536 NEXT 1048576 MINEXTENTS 1 MAXEXTENTS 2147483645
  PCTINCREASE 0 FREELISTS 1 FREELIST GROUPS 1
  BUFFER_POOL DEFAULT FLASH_CACHE DEFAULT CELL_FLASH_CACHE DEFAULT)
  TABLESPACE "USERS" ;
--------------------------------------------------------
--  Constraints for Table PRODUCER
--------------------------------------------------------

  ALTER TABLE "PESCHM"."PRODUCER" MODIFY ("PRODUCER_ID" NOT NULL ENABLE);
  ALTER TABLE "PESCHM"."PRODUCER" MODIFY ("PRODUCER_NAME" NOT NULL ENABLE);
  ALTER TABLE "PESCHM"."PRODUCER" ADD CONSTRAINT "PRODUCER_UN" UNIQUE ("PRODUCER_NAME")
  USING INDEX PCTFREE 10 INITRANS 2 MAXTRANS 255 COMPUTE STATISTICS 
  STORAGE(INITIAL 65536 NEXT 1048576 MINEXTENTS 1 MAXEXTENTS 2147483645
  PCTINCREASE 0 FREELISTS 1 FREELIST GROUPS 1
  BUFFER_POOL DEFAULT FLASH_CACHE DEFAULT CELL_FLASH_CACHE DEFAULT)
  TABLESPACE "USERS"  ENABLE;
--------------------------------------------------------
--  Constraints for Table ACCOUNT
--------------------------------------------------------

  ALTER TABLE "PESCHM"."ACCOUNT" MODIFY ("ACCOUNT_ID" CONSTRAINT "NNC_ACCOUNT_ACCOUNT_ID" NOT NULL ENABLE);
  ALTER TABLE "PESCHM"."ACCOUNT" MODIFY ("SURNAME" CONSTRAINT "NNC_ACCOUNT_SURNAME" NOT NULL ENABLE);
  ALTER TABLE "PESCHM"."ACCOUNT" MODIFY ("FORENAME" CONSTRAINT "NNC_ACCOUNT_FORENAME" NOT NULL ENABLE);
  ALTER TABLE "PESCHM"."ACCOUNT" MODIFY ("EMAIL" CONSTRAINT "NNC_ACCOUNT_EMAIL" NOT NULL ENABLE);
  ALTER TABLE "PESCHM"."ACCOUNT" MODIFY ("C_DATE" CONSTRAINT "NNC_ACCOUNT_C_DATE" NOT NULL ENABLE);
  ALTER TABLE "PESCHM"."ACCOUNT" MODIFY ("U_DATE" CONSTRAINT "NNC_ACCOUNT_U_DATE" NOT NULL ENABLE);
  ALTER TABLE "PESCHM"."ACCOUNT" ADD CONSTRAINT "ACCOUNT_UN" UNIQUE ("EMAIL")
  USING INDEX PCTFREE 10 INITRANS 2 MAXTRANS 255 COMPUTE STATISTICS 
  STORAGE(INITIAL 65536 NEXT 1048576 MINEXTENTS 1 MAXEXTENTS 2147483645
  PCTINCREASE 0 FREELISTS 1 FREELIST GROUPS 1
  BUFFER_POOL DEFAULT FLASH_CACHE DEFAULT CELL_FLASH_CACHE DEFAULT)
  TABLESPACE "USERS"  ENABLE;
--------------------------------------------------------
--  Constraints for Table VEHICLE
--------------------------------------------------------

  ALTER TABLE "PESCHM"."VEHICLE" MODIFY ("VEHICLE_ID" NOT NULL ENABLE);
  ALTER TABLE "PESCHM"."VEHICLE" MODIFY ("VEHICLE_TYPE_ID" NOT NULL ENABLE);
  ALTER TABLE "PESCHM"."VEHICLE" MODIFY ("PRODUCER_ID" NOT NULL ENABLE);
  ALTER TABLE "PESCHM"."VEHICLE" MODIFY ("C_DATE" NOT NULL ENABLE);
  ALTER TABLE "PESCHM"."VEHICLE" MODIFY ("U_DATE" NOT NULL ENABLE);
--------------------------------------------------------
--  Constraints for Table PROVIDER
--------------------------------------------------------

  ALTER TABLE "PESCHM"."PROVIDER" MODIFY ("PROVIDER_ID" NOT NULL ENABLE);
  ALTER TABLE "PESCHM"."PROVIDER" MODIFY ("PROVIDER_NAME" NOT NULL ENABLE);
  ALTER TABLE "PESCHM"."PROVIDER" ADD CONSTRAINT "PROVIDER_UN" UNIQUE ("PROVIDER_NAME")
  USING INDEX PCTFREE 10 INITRANS 2 MAXTRANS 255 COMPUTE STATISTICS 
  STORAGE(INITIAL 65536 NEXT 1048576 MINEXTENTS 1 MAXEXTENTS 2147483645
  PCTINCREASE 0 FREELISTS 1 FREELIST GROUPS 1
  BUFFER_POOL DEFAULT FLASH_CACHE DEFAULT CELL_FLASH_CACHE DEFAULT)
  TABLESPACE "USERS"  ENABLE;
--------------------------------------------------------
--  Constraints for Table COUNTRY
--------------------------------------------------------

  ALTER TABLE "PESCHM"."COUNTRY" MODIFY ("COUNTRY_ID" NOT NULL ENABLE);
  ALTER TABLE "PESCHM"."COUNTRY" MODIFY ("DUTY_AMOUNT" NOT NULL ENABLE);
  ALTER TABLE "PESCHM"."COUNTRY" ADD CONSTRAINT "COUNTRY_UN" UNIQUE ("COUNTRY_NAME")
  USING INDEX PCTFREE 10 INITRANS 2 MAXTRANS 255 COMPUTE STATISTICS 
  STORAGE(INITIAL 65536 NEXT 1048576 MINEXTENTS 1 MAXEXTENTS 2147483645
  PCTINCREASE 0 FREELISTS 1 FREELIST GROUPS 1
  BUFFER_POOL DEFAULT FLASH_CACHE DEFAULT CELL_FLASH_CACHE DEFAULT)
  TABLESPACE "USERS"  ENABLE;
--------------------------------------------------------
--  Constraints for Table GAS_STATION
--------------------------------------------------------

  ALTER TABLE "PESCHM"."GAS_STATION" MODIFY ("GAS_STATION_ID" NOT NULL ENABLE);
  ALTER TABLE "PESCHM"."GAS_STATION" MODIFY ("PROVIDER_ID" NOT NULL ENABLE);
  ALTER TABLE "PESCHM"."GAS_STATION" MODIFY ("COUNTRY_ID" NOT NULL ENABLE);
  ALTER TABLE "PESCHM"."GAS_STATION" MODIFY ("ADDRESS_ID" NOT NULL ENABLE);
  ALTER TABLE "PESCHM"."GAS_STATION" MODIFY ("STREET" NOT NULL ENABLE);
--------------------------------------------------------
--  Constraints for Table VEHICLE_TYPE
--------------------------------------------------------

  ALTER TABLE "PESCHM"."VEHICLE_TYPE" MODIFY ("VEHICLE_TYPE_ID" NOT NULL ENABLE);
  ALTER TABLE "PESCHM"."VEHICLE_TYPE" MODIFY ("VEHICLE_TYPE_NAME" NOT NULL ENABLE);
  ALTER TABLE "PESCHM"."VEHICLE_TYPE" ADD CONSTRAINT "VEHICLE_TYPE_UN" UNIQUE ("VEHICLE_TYPE_NAME")
  USING INDEX PCTFREE 10 INITRANS 2 MAXTRANS 255 COMPUTE STATISTICS 
  STORAGE(INITIAL 65536 NEXT 1048576 MINEXTENTS 1 MAXEXTENTS 2147483645
  PCTINCREASE 0 FREELISTS 1 FREELIST GROUPS 1
  BUFFER_POOL DEFAULT FLASH_CACHE DEFAULT CELL_FLASH_CACHE DEFAULT)
  TABLESPACE "USERS"  ENABLE;
--------------------------------------------------------
--  Constraints for Table RECEIPT
--------------------------------------------------------

  ALTER TABLE "PESCHM"."RECEIPT" MODIFY ("RECEIPT_ID" NOT NULL ENABLE);
  ALTER TABLE "PESCHM"."RECEIPT" MODIFY ("ACCOUNT_ID" NOT NULL ENABLE);
  ALTER TABLE "PESCHM"."RECEIPT" MODIFY ("ACC_VEHIC_ID" NOT NULL ENABLE);
  ALTER TABLE "PESCHM"."RECEIPT" MODIFY ("DUTY_AMOUNT" NOT NULL ENABLE);
  ALTER TABLE "PESCHM"."RECEIPT" MODIFY ("GAS_ID" NOT NULL ENABLE);
  ALTER TABLE "PESCHM"."RECEIPT" MODIFY ("GAS_STATION_ID" NOT NULL ENABLE);
  ALTER TABLE "PESCHM"."RECEIPT" MODIFY ("PRICE_L" NOT NULL ENABLE);
  ALTER TABLE "PESCHM"."RECEIPT" MODIFY ("KILOMETER" NOT NULL ENABLE);
  ALTER TABLE "PESCHM"."RECEIPT" MODIFY ("LITER" NOT NULL ENABLE);
  ALTER TABLE "PESCHM"."RECEIPT" MODIFY ("C_DATE" NOT NULL ENABLE);
  ALTER TABLE "PESCHM"."RECEIPT" MODIFY ("U_DATE" NOT NULL ENABLE);
--------------------------------------------------------
--  Constraints for Table ACC_VEHIC
--------------------------------------------------------

  ALTER TABLE "PESCHM"."ACC_VEHIC" ADD CONSTRAINT "ACC_VEHIC_PK" PRIMARY KEY ("ACC_VEHIC_ID")
  USING INDEX (CREATE UNIQUE INDEX "PESCHM"."ACC_VEHIC_IDX" ON "PESCHM"."ACC_VEHIC" ("ACC_VEHIC_ID") 
  PCTFREE 10 INITRANS 2 MAXTRANS 255 COMPUTE STATISTICS 
  STORAGE(INITIAL 65536 NEXT 1048576 MINEXTENTS 1 MAXEXTENTS 2147483645
  PCTINCREASE 0 FREELISTS 1 FREELIST GROUPS 1
  BUFFER_POOL DEFAULT FLASH_CACHE DEFAULT CELL_FLASH_CACHE DEFAULT)
  TABLESPACE "USERS" )  ENABLE;
  ALTER TABLE "PESCHM"."ACC_VEHIC" MODIFY ("ACC_VEHIC_ID" NOT NULL ENABLE);
  ALTER TABLE "PESCHM"."ACC_VEHIC" MODIFY ("ACCOUNT_ID" NOT NULL ENABLE);
  ALTER TABLE "PESCHM"."ACC_VEHIC" MODIFY ("VEHICLE_ID" NOT NULL ENABLE);
--------------------------------------------------------
--  Constraints for Table ADDRESS
--------------------------------------------------------

  ALTER TABLE "PESCHM"."ADDRESS" MODIFY ("ADDRESS_ID" NOT NULL ENABLE);
  ALTER TABLE "PESCHM"."ADDRESS" MODIFY ("PLZ" NOT NULL ENABLE);
  ALTER TABLE "PESCHM"."ADDRESS" MODIFY ("CITY" NOT NULL ENABLE);
  ALTER TABLE "PESCHM"."ADDRESS" ADD CONSTRAINT "ADDRESS_PK" PRIMARY KEY ("ADDRESS_ID")
  USING INDEX PCTFREE 10 INITRANS 2 MAXTRANS 255 COMPUTE STATISTICS 
  STORAGE(INITIAL 65536 NEXT 1048576 MINEXTENTS 1 MAXEXTENTS 2147483645
  PCTINCREASE 0 FREELISTS 1 FREELIST GROUPS 1
  BUFFER_POOL DEFAULT FLASH_CACHE DEFAULT CELL_FLASH_CACHE DEFAULT)
  TABLESPACE "USERS"  ENABLE;
--------------------------------------------------------
--  Constraints for Table GAS
--------------------------------------------------------

  ALTER TABLE "PESCHM"."GAS" MODIFY ("GAS_ID" NOT NULL ENABLE);
  ALTER TABLE "PESCHM"."GAS" MODIFY ("GAS_NAME" NOT NULL ENABLE);
  ALTER TABLE "PESCHM"."GAS" ADD CONSTRAINT "GAS_UN" UNIQUE ("GAS_NAME")
  USING INDEX PCTFREE 10 INITRANS 2 MAXTRANS 255 COMPUTE STATISTICS 
  STORAGE(INITIAL 65536 NEXT 1048576 MINEXTENTS 1 MAXEXTENTS 2147483645
  PCTINCREASE 0 FREELISTS 1 FREELIST GROUPS 1
  BUFFER_POOL DEFAULT FLASH_CACHE DEFAULT CELL_FLASH_CACHE DEFAULT)
  TABLESPACE "USERS"  ENABLE;
